"DESCRIPTION","DURATION IN MS","NAME","PARENT SUITE","START TIME","STATUS","STOP TIME","SUB SUITE","SUITE","TEST CLASS","TEST METHOD"
"","6927","Case 5: Exit Intent Trigger on Preview Page","chromium","2026-10-10","passed","2026-10-10","SCC Monitoring Flow","scc-monitoring.spec.ts","",""
"","391","Case 4: VIN Decode to Checkout Navigation","Mobile Safari","2026-10-10","skipped","2026-10-10","SCC Monitoring Flow","scc-monitoring.spec.ts","",""
"","386","Case 5: Exit Intent Trigger on Preview Page","Mobile Safari","2026-10-10","skipped","2026-10-10","SCC Monitoring Flow","scc-monitoring.spec.ts","",""
"","102715","Case 7: Member Area - SCC UK Report Generation Flow","Mobile Chrome","2026-10-10","passed","2026-10-10","SCC Member Area Monitoring Flow","scc-member-area.spec.ts","",""
"","36548","Case 3: Plate REG num decode","Mobile Safari","2026-10-10","passed","2026-10-10","SCC Monitoring Flow","scc-monitoring.spec.ts","",""
"","65026","Case 6: Member Area - SCC US Report Generation Flow","Mobile Chrome","2026-10-10","passed","2026-10-10","SCC Member Area Monitoring Flow","scc-member-area.spec.ts","",""
"","16620","Case 1: VIN decodeing Flow US VIN","chromium","2026-10-10","passed","2026-10-10","SCC Monitoring Flow","scc-monitoring.spec.ts","",""
"","19572","Case 4: VIN Decode to Checkout Navigation","chromium","2026-10-10","passed","2026-10-10","SCC Monitoring Flow","scc-monitoring.spec.ts","",""
"","54706","Case 1: VIN decodeing Flow US VIN","Mobile Safari","2026-10-10","passed","2026-10-10","SCC Monitoring Flow","scc-monitoring.spec.ts","",""
"","5996","Case 3: Plate REG num decode","chromium","2026-10-10","passed","2026-10-10","SCC Monitoring Flow","scc-monitoring.spec.ts","",""
